set,gene
Apoptosis,G1
Apoptosis,G2
Apoptosis,G3
Apoptosis,G4
Apoptosis,G5
Apoptosis,G6
Apoptosis,G7
Apoptosis,G8
Apoptosis,G9
Apoptosis,G10
CellCycle,G11
CellCycle,G12
CellCycle,G13
CellCycle,G14
CellCycle,G15
CellCycle,G16
CellCycle,G17
CellCycle,G18
CellCycle,G19
CellCycle,G20
Immune,G21
Immune,G22
Immune,G23
Immune,G24
Immune,G25
Immune,G26
Immune,G27
Immune,G28
Immune,G29
Immune,G30
MAPK,G31
MAPK,G32
MAPK,G33
MAPK,G34
MAPK,G35
MAPK,G36
MAPK,G37
MAPK,G38
MAPK,G39
MAPK,G40
PI3K,G41
PI3K,G42
PI3K,G43
PI3K,G44
PI3K,G45
PI3K,G46
PI3K,G47
PI3K,G48
PI3K,G49
PI3K,G50
WNT,G51
WNT,G52
WNT,G53
WNT,G54
WNT,G55
WNT,G56
WNT,G57
WNT,G58
WNT,G59
WNT,G60
DNARepair,G61
DNARepair,G62
DNARepair,G63
DNARepair,G64
DNARepair,G65
DNARepair,G66
DNARepair,G67
DNARepair,G68
DNARepair,G69
DNARepair,G70
OxidativeStress,G71
OxidativeStress,G72
OxidativeStress,G73
OxidativeStress,G74
OxidativeStress,G75
OxidativeStress,G76
OxidativeStress,G77
OxidativeStress,G78
OxidativeStress,G79
OxidativeStress,G80
Metabolism,G81
Metabolism,G82
Metabolism,G83
Metabolism,G84
Metabolism,G85
Metabolism,G86
Metabolism,G87
Metabolism,G88
Metabolism,G89
Metabolism,G90
Angiogenesis,G91
Angiogenesis,G92
Angiogenesis,G93
Angiogenesis,G94
Angiogenesis,G95
Angiogenesis,G96
Angiogenesis,G97
Angiogenesis,G98
Angiogenesis,G99
Angiogenesis,G100

